{
  "IcoMoonType": "selection",
  "icons": [
    {
      "icon": {
        "paths": [
          "M384 640l128-64 448-448-64-64-448 448-64 128zM289.3 867.098c-31.632-66.728-65.666-100.762-132.396-132.394l99.096-272.792 128-77.912 384-384h-192l-384 384-192 640 640-192 384-384v-192l-384 384-77.912 128z"
        ],
        "tags": [
          "pencil",
          "write",
          "edit"
        ],
        "defaultCode": 59654,
        "grid": 32,
        "attrs": []
      },
      "attrs": [],
      "properties": {
        "ligatures": "pencil2, write2",
        "name": "edit",
        "order": 95,
        "id": 7,
        "prevSize": 32,
        "code": 59654
      },
      "setIdx": 6,
      "setId": 1,
      "iconIdx": 6
    },
    {
      "icon": {
        "paths": [
          "M640 256v-256h-448l-192 192v576h384v256h640v-768h-384zM192 90.51v101.49h-101.49l101.49-101.49zM64 704v-448h192v-192h320v192l-192 192v256h-320zM576 346.51v101.49h-101.49l101.49-101.49zM960 960h-512v-448h192v-192h320v640z"
        ],
        "tags": [
          "copy",
          "duplicate",
          "files",
          "pages",
          "papers",
          "documents"
        ],
        "defaultCode": 59692,
        "grid": 32,
        "attrs": []
      },
      "attrs": [],
      "properties": {
        "ligatures": "copy, duplicate",
        "name": "copy",
        "order": 99,
        "id": 45,
        "prevSize": 32,
        "code": 59692
      },
      "setIdx": 6,
      "setId": 1,
      "iconIdx": 44
    },
    {
      "icon": {
        "paths": [
          "M672 128h-128v-64c0-35.2-28.8-64-64-64h-128c-35.204 0-64 28.8-64 64v64h-128v128h512v-128zM480 128h-128v-63.886c0.034-0.038 0.072-0.078 0.114-0.114h127.768c0.042 0.036 0.082 0.076 0.118 0.114v63.886zM800 320v-160c0-17.6-14.4-32-32-32h-64v64h32v128h-192l-192 192v256h-256v-576h32v-64h-64c-17.602 0-32 14.4-32 32v640c0 17.6 14.398 32 32 32h288v192h640v-704h-192zM544 410.51v101.49h-101.49l101.49-101.49zM928 960h-512v-384h192v-192h320v576z"
        ],
        "tags": [
          "paste",
          "clipboard-file"
        ],
        "defaultCode": 59693,
        "grid": 32,
        "attrs": []
      },
      "attrs": [],
      "properties": {
        "ligatures": "paste, clipboard-file",
        "name": "paste",
        "order": 100,
        "id": 46,
        "prevSize": 32,
        "code": 59693
      },
      "setIdx": 6,
      "setId": 1,
      "iconIdx": 45
    },
    {
      "icon": {
        "paths": [
          "M448 96l128 128h448v704h-1024v-832z"
        ],
        "tags": [
          "folder",
          "directory",
          "category",
          "browse"
        ],
        "defaultCode": 59695,
        "grid": 32,
        "attrs": []
      },
      "attrs": [],
      "properties": {
        "ligatures": "folder, directory",
        "name": "folder",
        "order": 98,
        "id": 48,
        "prevSize": 32,
        "code": 59695
      },
      "setIdx": 6,
      "setId": 1,
      "iconIdx": 47
    },
    {
      "icon": {
        "paths": [
          "M832 928l192-512h-832l-192 512zM128 352l-128 576v-832h288l128 128h416v128z"
        ],
        "tags": [
          "folder-open",
          "directory",
          "category",
          "browse"
        ],
        "defaultCode": 59696,
        "grid": 32,
        "attrs": []
      },
      "attrs": [],
      "properties": {
        "ligatures": "folder-open, directory2",
        "name": "folder_open",
        "order": 97,
        "id": 49,
        "prevSize": 32,
        "code": 59696
      },
      "setIdx": 6,
      "setId": 1,
      "iconIdx": 48
    },
    {
      "icon": {
        "paths": [
          "M320 64h-256v256h256v-256zM384 0v0 384h-384v-384h384zM128 128h128v128h-128zM960 64h-256v256h256v-256zM1024 0v0 384h-384v-384h384zM768 128h128v128h-128zM320 704h-256v256h256v-256zM384 640v0 384h-384v-384h384zM128 768h128v128h-128zM448 0h64v64h-64zM512 64h64v64h-64zM448 128h64v64h-64zM512 192h64v64h-64zM448 256h64v64h-64zM512 320h64v64h-64zM448 384h64v64h-64zM448 512h64v64h-64zM512 576h64v64h-64zM448 640h64v64h-64zM512 704h64v64h-64zM448 768h64v64h-64zM512 832h64v64h-64zM448 896h64v64h-64zM512 960h64v64h-64zM960 512h64v64h-64zM64 512h64v64h-64zM128 448h64v64h-64zM0 448h64v64h-64zM256 448h64v64h-64zM320 512h64v64h-64zM384 448h64v64h-64zM576 512h64v64h-64zM640 448h64v64h-64zM704 512h64v64h-64zM768 448h64v64h-64zM832 512h64v64h-64zM896 448h64v64h-64zM960 640h64v64h-64zM576 640h64v64h-64zM640 576h64v64h-64zM704 640h64v64h-64zM832 640h64v64h-64zM896 576h64v64h-64zM960 768h64v64h-64zM576 768h64v64h-64zM640 704h64v64h-64zM768 704h64v64h-64zM832 768h64v64h-64zM896 704h64v64h-64zM960 896h64v64h-64zM640 832h64v64h-64zM704 896h64v64h-64zM768 832h64v64h-64zM832 896h64v64h-64zM640 960h64v64h-64zM768 960h64v64h-64zM896 960h64v64h-64z"
        ],
        "tags": [
          "qrcode"
        ],
        "defaultCode": 59704,
        "grid": 32,
        "attrs": []
      },
      "attrs": [],
      "properties": {
        "ligatures": "qrcode",
        "name": "qrcode",
        "order": 96,
        "id": 57,
        "prevSize": 32,
        "code": 59704
      },
      "setIdx": 6,
      "setId": 1,
      "iconIdx": 56
    },
    {
      "icon": {
        "paths": [
          "M512 0c-282.77 0-512 71.634-512 160v128c0 88.366 229.23 160 512 160s512-71.634 512-160v-128c0-88.366-229.23-160-512-160z",
          "M512 544c-282.77 0-512-71.634-512-160v192c0 88.366 229.23 160 512 160s512-71.634 512-160v-192c0 88.366-229.23 160-512 160z",
          "M512 832c-282.77 0-512-71.634-512-160v192c0 88.366 229.23 160 512 160s512-71.634 512-160v-192c0 88.366-229.23 160-512 160z"
        ],
        "tags": [
          "database",
          "db",
          "server",
          "host",
          "storage",
          "save",
          "datecenter"
        ],
        "defaultCode": 59748,
        "grid": 32,
        "attrs": []
      },
      "attrs": [],
      "properties": {
        "ligatures": "database, db",
        "name": "database",
        "order": 101,
        "id": 101,
        "prevSize": 32,
        "code": 59748
      },
      "setIdx": 6,
      "setId": 1,
      "iconIdx": 100
    },
    {
      "icon": {
        "paths": [
          "M521.624 307.968c-34.017 0-61.593-27.578-61.593-61.593v-184.782c0-34.017 27.576-61.593 61.593-61.593 34.015 0 61.595 27.576 61.595 61.593v184.782c0 34.017-27.58 61.593-61.595 61.593z",
          "M521.624 1024c-21.26 0-38.496-17.236-38.496-38.496v-184.782c0-21.26 17.236-38.496 38.496-38.496 21.262 0 38.496 17.238 38.496 38.496v184.782c0 21.26-17.234 38.496-38.496 38.496z",
          "M383.090 341.263c-19.958 0-39.365-10.355-50.062-28.882l-92.391-160.025c-15.946-27.619-6.483-62.935 21.136-78.881 27.617-15.944 62.935-6.485 78.881 21.136l92.391 160.027c15.946 27.619 6.483 62.935-21.136 78.881-9.092 5.246-19.021 7.744-28.818 7.744z",
          "M752.633 958.264c-11.973 0-23.617-6.214-30.038-17.329l-92.391-160.025c-9.566-16.569-3.89-37.761 12.683-47.33 16.569-9.56 37.759-3.89 47.33 12.685l92.393 160.023c9.566 16.571 3.888 37.761-12.685 47.33-5.455 3.145-11.413 4.646-17.291 4.646z",
          "M281.534 438.865c-9.143 0-18.408-2.328-26.897-7.23l-160.027-92.391c-25.776-14.883-34.61-47.843-19.727-73.622 14.881-25.776 47.846-34.61 73.622-19.727l160.025 92.391c25.778 14.883 34.61 47.843 19.727 73.62-9.977 17.291-28.096 26.959-46.723 26.959z",
          "M921.659 785.328c-5.226 0-10.522-1.331-15.37-4.132l-160.023-92.391c-14.73-8.503-19.776-27.341-11.273-42.071 8.505-14.732 27.343-19.778 42.069-11.273l160.025 92.393c14.73 8.503 19.776 27.339 11.273 42.069-5.707 9.88-16.059 15.405-26.701 15.405z",
          "M244.451 573.593h-184.782c-27.64 0-50.046-22.406-50.046-50.046s22.406-50.046 50.046-50.046h184.782c27.64 0 50.046 22.406 50.046 50.046s-22.406 50.046-50.046 50.046z",
          "M983.578 554.345c-0.002 0 0 0 0 0h-184.782c-17.009-0.002-30.798-13.791-30.798-30.798s13.791-30.798 30.798-30.798c0.002 0 0 0 0 0h184.782c17.009 0 30.798 13.789 30.798 30.798 0 17.007-13.791 30.798-30.798 30.798z",
          "M121.603 800.728c-15.966 0-31.493-8.285-40.050-23.105-12.757-22.094-5.187-50.349 16.908-63.102l160.027-92.393c22.094-12.763 50.349-5.189 63.104 16.908 12.757 22.096 5.187 50.349-16.908 63.104l-160.027 92.391c-7.275 4.2-15.219 6.198-23.054 6.198z",
          "M761.69 415.762c-10.644 0-20.996-5.523-26.701-15.403-8.503-14.73-3.457-33.565 11.273-42.071l160.025-92.389c14.728-8.499 33.565-3.459 42.071 11.271 8.503 14.73 3.457 33.565-11.273 42.071l-160.025 92.389c-4.85 2.801-10.144 4.132-15.37 4.132z",
          "M290.607 965.963c-7.184 0-14.464-1.831-21.134-5.68-20.253-11.694-27.192-37.592-15.5-57.845l92.391-160.025c11.692-20.255 37.59-27.194 57.845-15.502 20.253 11.694 27.192 37.594 15.5 57.845l-92.391 160.027c-7.841 13.587-22.076 21.18-36.711 21.18z",
          "M660.18 314.311c-5.224 0-10.522-1.331-15.37-4.13-14.73-8.505-19.776-27.341-11.273-42.069l92.395-160.025c8.503-14.73 27.339-19.778 42.069-11.271 14.73 8.505 19.776 27.341 11.273 42.069l-92.393 160.025c-5.707 9.876-16.057 15.401-26.701 15.401z"
        ],
        "tags": [
          "spinner",
          "loading",
          "loading-wheel",
          "busy",
          "wait"
        ],
        "defaultCode": 59772,
        "grid": 32,
        "attrs": []
      },
      "attrs": [],
      "properties": {
        "ligatures": "spinner3, loading4",
        "name": "spinner3",
        "order": 104,
        "id": 125,
        "prevSize": 32,
        "code": 59772
      },
      "setIdx": 6,
      "setId": 1,
      "iconIdx": 124
    },
    {
      "icon": {
        "paths": [
          "M0.042 513.618l-0.022 0.004c0 0 0.012 0.090 0.028 0.222 0.11 3.878 0.55 7.676 1.322 11.352 0.204 1.746 0.428 3.66 0.674 5.774 0.222 1.886 0.46 3.914 0.718 6.078 0.374 2.566 0.77 5.292 1.19 8.176 0.856 5.746 1.8 12.124 2.908 18.958 1.348 6.446 2.804 13.414 4.364 20.864 0.71 3.718 1.776 7.504 2.786 11.406 1.024 3.89 2.078 7.894 3.16 12.004 0.566 2.042 1.040 4.132 1.708 6.208 0.656 2.074 1.32 4.176 1.988 6.3 1.348 4.234 2.726 8.566 4.136 12.988 0.352 1.106 0.708 2.21 1.064 3.324 0.408 1.102 0.814 2.208 1.226 3.316 0.826 2.218 1.658 4.458 2.502 6.714 1.696 4.496 3.422 9.078 5.18 13.742 1.968 4.566 3.97 9.214 6.004 13.934 1.018 2.348 2.044 4.714 3.078 7.098 1.048 2.376 2.27 4.704 3.408 7.074 2.322 4.714 4.678 9.496 7.062 14.332 2.47 4.786 5.208 9.512 7.846 14.328 1.336 2.398 2.68 4.808 4.028 7.23 1.368 2.41 2.902 4.75 4.356 7.14 2.95 4.738 5.93 9.524 8.934 14.348 12.64 18.894 26.676 37.566 42.21 55.278 15.712 17.578 32.726 34.25 50.692 49.602 18.18 15.136 37.264 28.902 56.726 41.114 19.604 12.036 39.644 22.312 59.376 31.144 5.004 2.040 9.964 4.062 14.878 6.066 2.462 0.972 4.868 2.032 7.336 2.918 2.47 0.868 4.93 1.734 7.376 2.594 4.898 1.684 9.678 3.468 14.484 4.992 4.832 1.43 9.604 2.844 14.312 4.242 2.356 0.672 4.66 1.426 7.004 2.012 2.346 0.574 4.676 1.14 6.986 1.704 4.606 1.118 9.142 2.214 13.604 3.296 4.5 0.868 8.926 1.722 13.27 2.558 2.166 0.41 4.31 0.82 6.434 1.222 1.062 0.2 2.118 0.398 3.166 0.598 1.060 0.148 2.118 0.292 3.166 0.442 4.192 0.582 8.292 1.152 12.3 1.71 1.998 0.274 3.972 0.546 5.922 0.816 1.946 0.286 3.904 0.378 5.814 0.57 3.822 0.336 7.544 0.664 11.164 0.98 3.616 0.304 7.104 0.688 10.526 0.738 0.23 0.008 0.452 0.016 0.682 0.026 0.614 34.812 29.008 62.846 63.968 62.846 0.542 0 1.080-0.028 1.62-0.042v0.022c0 0 0.090-0.012 0.224-0.028 3.878-0.11 7.674-0.55 11.35-1.322 1.748-0.204 3.662-0.426 5.776-0.672 1.884-0.222 3.912-0.462 6.076-0.718 2.566-0.376 5.292-0.772 8.176-1.192 5.746-0.856 12.124-1.8 18.958-2.908 6.446-1.348 13.414-2.804 20.864-4.362 3.718-0.712 7.504-1.778 11.406-2.786 3.892-1.026 7.894-2.080 12.004-3.162 2.044-0.566 4.132-1.040 6.208-1.708 2.074-0.656 4.174-1.318 6.3-1.988 4.232-1.348 8.564-2.726 12.988-4.134 1.104-0.354 2.21-0.708 3.324-1.066 1.1-0.406 2.206-0.814 3.316-1.226 2.216-0.824 4.456-1.658 6.714-2.5 4.496-1.698 9.078-3.424 13.74-5.182 4.568-1.968 9.216-3.97 13.936-6.004 2.348-1.018 4.714-2.044 7.098-3.078 2.376-1.048 4.702-2.27 7.074-3.408 4.714-2.322 9.494-4.678 14.33-7.062 4.786-2.47 9.512-5.208 14.328-7.846 2.398-1.336 4.808-2.678 7.23-4.028 2.41-1.366 4.75-2.9 7.14-4.354 4.738-2.952 9.524-5.93 14.35-8.936 18.89-12.64 37.564-26.674 55.278-42.21 17.574-15.712 34.248-32.726 49.602-50.69 15.136-18.182 28.902-37.264 41.112-56.728 12.036-19.602 22.314-39.644 31.142-59.376 2.042-5.002 4.062-9.964 6.068-14.878 0.974-2.462 2.032-4.868 2.918-7.334 0.87-2.472 1.732-4.932 2.592-7.376 1.686-4.898 3.468-9.678 4.994-14.484 1.432-4.832 2.846-9.604 4.24-14.31 0.674-2.358 1.43-4.66 2.016-7.004 0.57-2.348 1.138-4.676 1.702-6.988 1.118-4.606 2.216-9.14 3.296-13.602 0.868-4.502 1.72-8.928 2.558-13.272 0.41-2.164 0.818-4.308 1.222-6.434 0.2-1.060 0.398-2.116 0.596-3.164 0.148-1.062 0.296-2.118 0.444-3.168 0.582-4.19 1.152-8.292 1.708-12.3 0.278-1.996 0.55-3.97 0.82-5.922 0.284-1.946 0.376-3.902 0.568-5.812 0.336-3.822 0.664-7.546 0.98-11.164 0.304-3.616 0.686-7.106 0.738-10.528 0.020-0.534 0.040-1.044 0.058-1.574 35.224-0.146 63.732-28.738 63.732-63.992 0-0.542-0.028-1.080-0.042-1.62h0.022c0 0-0.012-0.090-0.028-0.224-0.11-3.878-0.55-7.674-1.322-11.35-0.204-1.748-0.428-3.662-0.674-5.776-0.222-1.886-0.46-3.914-0.718-6.076-0.374-2.566-0.77-5.294-1.19-8.176-0.856-5.746-1.8-12.124-2.908-18.958-1.348-6.444-2.804-13.414-4.364-20.862-0.71-3.72-1.776-7.506-2.786-11.408-1.024-3.892-2.078-7.894-3.16-12.002-0.566-2.044-1.040-4.134-1.708-6.208-0.656-2.076-1.32-4.174-1.988-6.3-1.348-4.234-2.726-8.566-4.136-12.99-0.352-1.102-0.708-2.21-1.064-3.324-0.408-1.1-0.814-2.206-1.226-3.316-0.826-2.216-1.658-4.454-2.502-6.714-1.696-4.498-3.422-9.080-5.18-13.74-1.968-4.57-3.97-9.216-6.004-13.936-1.020-2.348-2.044-4.714-3.078-7.098-1.048-2.376-2.27-4.702-3.408-7.076-2.322-4.714-4.678-9.494-7.062-14.33-2.47-4.786-5.208-9.512-7.846-14.328-1.336-2.398-2.68-4.808-4.028-7.23-1.368-2.41-2.902-4.75-4.356-7.14-2.95-4.74-5.93-9.524-8.934-14.35-12.64-18.892-26.676-37.564-42.21-55.278-15.712-17.576-32.726-34.25-50.692-49.602-18.18-15.136-37.264-28.902-56.726-41.112-19.604-12.036-39.644-22.314-59.376-31.142-5.004-2.040-9.964-4.062-14.878-6.068-2.462-0.974-4.868-2.032-7.336-2.918-2.47-0.87-4.93-1.734-7.376-2.592-4.898-1.684-9.678-3.468-14.484-4.994-4.832-1.432-9.604-2.846-14.312-4.242-2.356-0.672-4.66-1.428-7.004-2.014-2.346-0.572-4.676-1.138-6.986-1.702-4.606-1.118-9.142-2.216-13.604-3.298-4.5-0.868-8.926-1.72-13.27-2.558-2.166-0.412-4.31-0.82-6.434-1.222-1.062-0.2-2.118-0.398-3.166-0.596-1.060-0.148-2.118-0.296-3.166-0.442-4.192-0.584-8.292-1.154-12.3-1.71-1.998-0.276-3.972-0.55-5.922-0.82-1.946-0.284-3.904-0.376-5.814-0.57-3.822-0.336-7.544-0.664-11.164-0.98-3.616-0.304-7.104-0.686-10.526-0.738-0.852-0.032-1.674-0.062-2.512-0.092-0.65-34.78-29.028-62.778-63.966-62.778-0.542 0-1.080 0.028-1.62 0.042l-0.002-0.022c0 0-0.090 0.012-0.222 0.028-3.878 0.11-7.676 0.55-11.352 1.322-1.748 0.204-3.662 0.426-5.776 0.672-1.884 0.222-3.912 0.462-6.076 0.718-2.566 0.376-5.292 0.772-8.176 1.192-5.746 0.856-12.124 1.8-18.958 2.908-6.446 1.348-13.414 2.804-20.864 4.362-3.718 0.712-7.504 1.778-11.406 2.786-3.892 1.026-7.894 2.080-12.004 3.162-2.044 0.566-4.132 1.040-6.208 1.708-2.074 0.656-4.174 1.318-6.3 1.988-4.232 1.348-8.564 2.726-12.988 4.134-1.104 0.354-2.21 0.708-3.324 1.066-1.1 0.406-2.206 0.814-3.316 1.226-2.216 0.824-4.456 1.658-6.714 2.5-4.496 1.698-9.078 3.424-13.74 5.182-4.568 1.968-9.216 3.97-13.936 6.004-2.348 1.018-4.714 2.044-7.098 3.078-2.376 1.048-4.702 2.27-7.074 3.408-4.714 2.322-9.494 4.678-14.33 7.062-4.786 2.47-9.512 5.208-14.328 7.846-2.398 1.336-4.808 2.678-7.23 4.028-2.41 1.366-4.75 2.9-7.14 4.354-4.738 2.952-9.524 5.93-14.35 8.936-18.89 12.64-37.564 26.674-55.278 42.21-17.574 15.712-34.248 32.726-49.602 50.69-15.136 18.182-28.902 37.264-41.112 56.728-12.036 19.602-22.314 39.644-31.142 59.376-2.042 5.002-4.062 9.964-6.068 14.878-0.974 2.462-2.032 4.868-2.918 7.334-0.87 2.472-1.732 4.932-2.592 7.376-1.686 4.898-3.468 9.678-4.994 14.484-1.432 4.832-2.846 9.604-4.24 14.31-0.674 2.358-1.43 4.66-2.016 7.004-0.57 2.348-1.138 4.676-1.702 6.988-1.118 4.606-2.216 9.14-3.296 13.602-0.868 4.502-1.72 8.928-2.558 13.272-0.41 2.164-0.818 4.308-1.222 6.434-0.2 1.060-0.398 2.116-0.596 3.164-0.148 1.062-0.296 2.118-0.444 3.168-0.582 4.19-1.152 8.292-1.708 12.3-0.278 1.996-0.55 3.97-0.82 5.922-0.284 1.946-0.376 3.902-0.568 5.812-0.336 3.822-0.664 7.546-0.98 11.164-0.304 3.616-0.686 7.106-0.738 10.528-0.020 0.548-0.040 1.076-0.058 1.62-34.376 1.112-61.902 29.304-61.902 63.946 0 0.542 0.028 1.078 0.042 1.618zM73.518 448.706c0.042-0.196 0.086-0.384 0.128-0.58 0.644-3.248 1.632-6.542 2.556-9.942 0.934-3.388 1.894-6.876 2.88-10.454 0.516-1.78 0.934-3.602 1.546-5.406 0.596-1.802 1.202-3.628 1.81-5.476 1.218-3.682 2.464-7.45 3.736-11.294 0.316-0.958 0.634-1.924 0.956-2.892 0.37-0.954 0.74-1.914 1.114-2.876 0.746-1.924 1.5-3.868 2.26-5.83 1.52-3.904 3.070-7.882 4.646-11.93 1.768-3.96 3.566-7.99 5.392-12.080 0.908-2.038 1.824-4.090 2.746-6.156 0.932-2.060 2.036-4.072 3.052-6.126 2.070-4.084 4.17-8.222 6.294-12.412 2.202-4.142 4.654-8.224 6.998-12.392 1.184-2.074 2.374-4.16 3.57-6.256 1.21-2.086 2.586-4.102 3.876-6.166 2.616-4.098 5.256-8.232 7.918-12.402 11.234-16.298 23.632-32.398 37.33-47.638 13.874-15.104 28.842-29.404 44.598-42.548 15.974-12.928 32.686-24.65 49.676-35.022 17.13-10.194 34.6-18.838 51.734-26.258 4.35-1.7 8.662-3.382 12.934-5.050 2.136-0.812 4.216-1.71 6.36-2.444 2.146-0.714 4.28-1.428 6.404-2.136 4.25-1.386 8.382-2.888 12.548-4.142 4.184-1.174 8.314-2.332 12.392-3.474 2.038-0.55 4.026-1.19 6.054-1.662 2.030-0.458 4.044-0.914 6.044-1.368 3.978-0.91 7.896-1.806 11.748-2.688 3.888-0.686 7.71-1.36 11.462-2.022 1.868-0.33 3.716-0.658 5.546-0.98 0.914-0.162 1.824-0.324 2.728-0.484 0.916-0.112 1.828-0.222 2.734-0.332 3.612-0.448 7.148-0.882 10.604-1.31 1.72-0.216 3.422-0.432 5.102-0.644 1.674-0.226 3.364-0.266 5.010-0.408 3.292-0.238 6.498-0.472 9.616-0.7 3.11-0.218 6.11-0.524 9.058-0.508 5.848-0.132 11.32-0.256 16.38-0.372 4.664 0.168 8.948 0.324 12.818 0.462 1.914 0.054 3.726 0.108 5.432 0.156 2.122 0.134 4.108 0.26 5.958 0.378 2.13 0.138 4.060 0.266 5.82 0.38 3.256 0.51 6.592 0.782 9.99 0.782 0.466 0 0.93-0.026 1.396-0.036 0.132 0.008 0.224 0.014 0.224 0.014v-0.020c31.14-0.778 56.75-23.784 61.556-53.754 0.542 0.12 1.064 0.236 1.612 0.356 3.246 0.644 6.542 1.632 9.942 2.556 3.386 0.934 6.876 1.894 10.454 2.88 1.778 0.516 3.602 0.934 5.404 1.546 1.802 0.596 3.63 1.202 5.478 1.812 3.68 1.218 7.448 2.464 11.292 3.736 0.96 0.316 1.924 0.634 2.892 0.956 0.956 0.37 1.914 0.74 2.876 1.112 1.926 0.746 3.868 1.5 5.83 2.26 3.904 1.52 7.884 3.070 11.932 4.646 3.96 1.768 7.988 3.566 12.080 5.392 2.038 0.908 4.088 1.824 6.156 2.746 2.060 0.932 4.072 2.036 6.126 3.054 4.082 2.070 8.222 4.17 12.41 6.294 4.144 2.202 8.226 4.654 12.394 6.998 2.074 1.184 4.16 2.374 6.256 3.572 2.086 1.21 4.102 2.586 6.166 3.876 4.098 2.616 8.23 5.256 12.402 7.918 16.296 11.234 32.398 23.632 47.636 37.33 15.104 13.874 29.406 28.842 42.55 44.598 12.928 15.974 24.648 32.686 35.020 49.676 10.196 17.13 18.84 34.6 26.26 51.736 1.698 4.348 3.382 8.662 5.050 12.932 0.812 2.136 1.71 4.216 2.444 6.36 0.714 2.146 1.428 4.28 2.136 6.404 1.386 4.25 2.888 8.384 4.142 12.548 1.174 4.184 2.33 8.316 3.474 12.392 0.55 2.038 1.19 4.026 1.66 6.054 0.46 2.030 0.916 4.046 1.368 6.046 0.91 3.978 1.808 7.896 2.688 11.748 0.688 3.888 1.362 7.71 2.024 11.462 0.33 1.868 0.656 3.716 0.98 5.548 0.162 0.914 0.324 1.824 0.484 2.728 0.11 0.916 0.222 1.828 0.332 2.734 0.446 3.612 0.882 7.148 1.31 10.604 0.216 1.72 0.432 3.42 0.642 5.1 0.226 1.674 0.268 3.364 0.41 5.010 0.238 3.292 0.472 6.498 0.7 9.616 0.218 3.11 0.524 6.11 0.508 9.058 0.132 5.848 0.256 11.32 0.372 16.38-0.168 4.664-0.324 8.948-0.462 12.818-0.054 1.914-0.108 3.726-0.156 5.432-0.134 2.122-0.26 4.108-0.378 5.958-0.138 2.13-0.266 4.060-0.38 5.82-0.498 3.256-0.768 6.592-0.768 9.99 0 0.468 0.026 0.93 0.036 1.396-0.008 0.132-0.016 0.224-0.016 0.224h0.022c0.768 30.766 23.236 56.128 52.682 61.37-0.066 0.296-0.13 0.584-0.198 0.884-0.644 3.248-1.632 6.542-2.556 9.942-0.934 3.388-1.894 6.876-2.88 10.454-0.516 1.78-0.934 3.602-1.546 5.406-0.596 1.802-1.202 3.628-1.81 5.476-1.218 3.682-2.464 7.45-3.736 11.294-0.316 0.958-0.634 1.924-0.956 2.892-0.37 0.954-0.74 1.914-1.114 2.876-0.746 1.924-1.5 3.868-2.26 5.83-1.52 3.904-3.070 7.882-4.646 11.93-1.768 3.96-3.566 7.99-5.392 12.080-0.908 2.038-1.824 4.090-2.746 6.156-0.932 2.060-2.036 4.072-3.052 6.126-2.070 4.084-4.17 8.222-6.294 12.412-2.202 4.142-4.654 8.224-6.998 12.392-1.184 2.074-2.374 4.16-3.57 6.256-1.21 2.086-2.586 4.102-3.876 6.166-2.616 4.098-5.256 8.232-7.918 12.402-11.234 16.298-23.632 32.398-37.33 47.638-13.874 15.104-28.842 29.404-44.598 42.548-15.974 12.928-32.686 24.65-49.676 35.022-17.13 10.194-34.6 18.838-51.734 26.258-4.35 1.7-8.662 3.382-12.934 5.050-2.136 0.812-4.216 1.71-6.36 2.444-2.146 0.714-4.28 1.428-6.404 2.136-4.25 1.386-8.382 2.888-12.548 4.142-4.184 1.174-8.314 2.332-12.392 3.474-2.038 0.55-4.026 1.19-6.054 1.662-2.030 0.458-4.044 0.914-6.044 1.368-3.978 0.91-7.896 1.806-11.748 2.688-3.888 0.686-7.71 1.36-11.462 2.022-1.868 0.33-3.716 0.658-5.546 0.98-0.914 0.162-1.824 0.324-2.728 0.484-0.916 0.112-1.828 0.222-2.734 0.332-3.612 0.448-7.148 0.882-10.604 1.31-1.72 0.216-3.422 0.432-5.102 0.644-1.674 0.226-3.364 0.266-5.010 0.408-3.292 0.238-6.498 0.472-9.616 0.7-3.11 0.218-6.11 0.524-9.058 0.508-5.848 0.132-11.32 0.256-16.38 0.372-4.664-0.168-8.948-0.324-12.818-0.462-1.914-0.054-3.726-0.108-5.432-0.156-2.122-0.134-4.108-0.26-5.958-0.378-2.13-0.138-4.060-0.266-5.82-0.38-3.256-0.51-6.592-0.782-9.99-0.782-0.466 0-0.93 0.026-1.396 0.036-0.132-0.008-0.224-0.014-0.224-0.014v0.020c-31.004 0.774-56.524 23.586-61.488 53.364-3.2-0.64-6.446-1.61-9.792-2.522-3.386-0.934-6.876-1.894-10.454-2.878-1.778-0.516-3.602-0.938-5.404-1.546-1.802-0.598-3.63-1.204-5.478-1.812-3.68-1.218-7.448-2.464-11.292-3.738-0.96-0.316-1.924-0.632-2.892-0.954-0.956-0.372-1.914-0.742-2.876-1.114-1.926-0.746-3.868-1.5-5.83-2.258-3.904-1.524-7.884-3.070-11.932-4.648-3.96-1.77-7.988-3.566-12.080-5.39-2.038-0.91-4.088-1.824-6.156-2.746-2.060-0.934-4.072-2.036-6.126-3.054-4.082-2.070-8.222-4.172-12.41-6.296-4.144-2.2-8.226-4.652-12.394-6.996-2.074-1.184-4.16-2.376-6.256-3.57-2.086-1.21-4.102-2.586-6.166-3.878-4.098-2.614-8.23-5.254-12.402-7.918-16.296-11.23-32.398-23.632-47.636-37.328-15.104-13.876-29.406-28.84-42.55-44.598-12.928-15.972-24.648-32.684-35.020-49.676-10.196-17.128-18.84-34.602-26.26-51.734-1.698-4.352-3.382-8.664-5.050-12.934-0.812-2.136-1.71-4.218-2.444-6.36-0.714-2.148-1.428-4.282-2.136-6.406-1.386-4.25-2.888-8.382-4.142-12.546-1.174-4.184-2.33-8.316-3.474-12.394-0.55-2.036-1.19-4.024-1.66-6.054-0.46-2.028-0.916-4.042-1.368-6.042-0.91-3.98-1.808-7.898-2.688-11.75-0.688-3.886-1.362-7.71-2.024-11.46-0.33-1.868-0.656-3.718-0.98-5.546-0.162-0.914-0.324-1.824-0.484-2.73-0.11-0.914-0.222-1.828-0.332-2.734-0.446-3.61-0.882-7.148-1.31-10.602-0.216-1.722-0.432-3.422-0.642-5.102-0.226-1.676-0.268-3.364-0.41-5.012-0.238-3.29-0.472-6.496-0.7-9.614-0.218-3.11-0.524-6.11-0.508-9.058-0.132-5.848-0.256-11.32-0.372-16.382 0.168-4.664 0.324-8.946 0.462-12.816 0.054-1.914 0.108-3.726 0.156-5.434 0.134-2.122 0.26-4.106 0.378-5.958 0.138-2.128 0.266-4.058 0.38-5.82 0.496-3.26 0.766-6.596 0.766-9.994 0-0.466-0.026-0.93-0.036-1.396 0.008-0.132 0.016-0.224 0.016-0.224h-0.022c-0.78-31.38-24.134-57.154-54.44-61.674z"
        ],
        "tags": [
          "spinner",
          "loading",
          "loading-wheel",
          "busy",
          "wait"
        ],
        "defaultCode": 59779,
        "grid": 32,
        "attrs": []
      },
      "attrs": [],
      "properties": {
        "ligatures": "spinner10, loading11",
        "name": "spinner10",
        "order": 102,
        "id": 132,
        "prevSize": 32,
        "code": 59779
      },
      "setIdx": 6,
      "setId": 1,
      "iconIdx": 131
    },
    {
      "icon": {
        "paths": [
          "M1024 384h-384l143.53-143.53c-72.53-72.526-168.96-112.47-271.53-112.47s-199 39.944-271.53 112.47c-72.526 72.53-112.47 168.96-112.47 271.53s39.944 199 112.47 271.53c72.53 72.526 168.96 112.47 271.53 112.47s199-39.944 271.528-112.472c6.056-6.054 11.86-12.292 17.456-18.668l96.32 84.282c-93.846 107.166-231.664 174.858-385.304 174.858-282.77 0-512-229.23-512-512s229.23-512 512-512c141.386 0 269.368 57.326 362.016 149.984l149.984-149.984v384z"
        ],
        "tags": [
          "spinner",
          "loading",
          "loading-wheel",
          "refresh",
          "repeat",
          "busy",
          "wait",
          "arrow"
        ],
        "defaultCode": 59780,
        "grid": 32,
        "attrs": []
      },
      "attrs": [],
      "properties": {
        "ligatures": "spinner11, loading12",
        "name": "reload",
        "order": 108,
        "id": 133,
        "prevSize": 32,
        "code": 59780
      },
      "setIdx": 6,
      "setId": 1,
      "iconIdx": 132
    },
    {
      "icon": {
        "paths": [
          "M1024 0v416l-160-160-192 192-96-96 192-192-160-160zM448 672l-192 192 160 160h-416v-416l160 160 192-192z"
        ],
        "tags": [
          "enlarge",
          "expand",
          "maximize",
          "fullscreen"
        ],
        "defaultCode": 59787,
        "grid": 32,
        "attrs": []
      },
      "attrs": [],
      "properties": {
        "ligatures": "enlarge2, expand2",
        "name": "win_full_screen",
        "order": 118,
        "id": 140,
        "prevSize": 32,
        "code": 59787
      },
      "setIdx": 6,
      "setId": 1,
      "iconIdx": 139
    },
    {
      "icon": {
        "paths": [
          "M448 576v416l-160-160-192 192-96-96 192-192-160-160zM1024 96l-192 192 160 160h-416v-416l160 160 192-192z"
        ],
        "tags": [
          "shrink",
          "collapse",
          "minimize",
          "contract"
        ],
        "defaultCode": 59788,
        "grid": 32,
        "attrs": []
      },
      "attrs": [],
      "properties": {
        "ligatures": "shrink2, collapse2",
        "name": "win_default",
        "order": 119,
        "id": 141,
        "prevSize": 32,
        "code": 59788
      },
      "setIdx": 6,
      "setId": 1,
      "iconIdx": 140
    },
    {
      "icon": {
        "paths": [
          "M802.133 409.6h-17.067v-204.8c0-112.928-91.872-204.8-204.8-204.8h-136.533c-112.928 0-204.8 91.872-204.8 204.8v204.8h-17.067c-28.16 0-51.2 23.040-51.2 51.2v512c0 28.16 23.040 51.2 51.2 51.2h580.267c28.16 0 51.2-23.040 51.2-51.2v-512c0-28.16-23.040-51.2-51.2-51.2zM375.467 204.8c0-37.643 30.624-68.267 68.267-68.267h136.533c37.643 0 68.267 30.624 68.267 68.267v204.8h-273.067v-204.8z"
        ],
        "tags": [
          "lock",
          "secure",
          "private",
          "encrypted"
        ],
        "defaultCode": 59791,
        "grid": 32,
        "attrs": []
      },
      "attrs": [],
      "properties": {
        "ligatures": "lock, secure",
        "name": "lock",
        "order": 112,
        "id": 144,
        "prevSize": 32,
        "code": 59791
      },
      "setIdx": 6,
      "setId": 1,
      "iconIdx": 143
    },
    {
      "icon": {
        "paths": [
          "M819.2 0c112.928 0 204.8 91.872 204.8 204.8v204.8h-136.533v-204.8c0-37.643-30.624-68.267-68.267-68.267h-136.533c-37.643 0-68.267 30.624-68.267 68.267v204.8h17.067c28.16 0 51.2 23.040 51.2 51.2v512c0 28.16-23.040 51.2-51.2 51.2h-580.267c-28.16 0-51.2-23.040-51.2-51.2v-512c0-28.16 23.040-51.2 51.2-51.2h426.667v-204.8c0-112.928 91.872-204.8 204.8-204.8h136.533z"
        ],
        "tags": [
          "unlocked",
          "lock-open"
        ],
        "defaultCode": 59792,
        "grid": 32,
        "attrs": []
      },
      "attrs": [],
      "properties": {
        "ligatures": "unlocked, lock-open",
        "name": "unlock",
        "order": 113,
        "id": 145,
        "prevSize": 32,
        "code": 59792
      },
      "setIdx": 6,
      "setId": 1,
      "iconIdx": 144
    },
    {
      "icon": {
        "paths": [
          "M933.789 610.252c-53.726-93.054-21.416-212.304 72.152-266.488l-100.626-174.292c-28.75 16.854-62.176 26.518-97.846 26.518-107.536 0-194.708-87.746-194.708-195.99h-201.258c0.266 33.41-8.074 67.282-25.958 98.252-53.724 93.056-173.156 124.702-266.862 70.758l-100.624 174.292c28.97 16.472 54.050 40.588 71.886 71.478 53.638 92.908 21.512 211.92-71.708 266.224l100.626 174.292c28.65-16.696 61.916-26.254 97.4-26.254 107.196 0 194.144 87.192 194.7 194.958h201.254c-0.086-33.074 8.272-66.57 25.966-97.218 53.636-92.906 172.776-124.594 266.414-71.012l100.626-174.29c-28.78-16.466-53.692-40.498-71.434-71.228zM511.999 719.334c-114.508 0-207.336-92.824-207.336-207.334 0-114.508 92.826-207.334 207.336-207.334 114.508 0 207.332 92.826 207.332 207.334-0.002 114.51-92.824 207.334-207.332 207.334z"
        ],
        "tags": [
          "cog",
          "gear",
          "preferences",
          "settings",
          "generate",
          "control",
          "options"
        ],
        "defaultCode": 59796,
        "grid": 32,
        "attrs": []
      },
      "attrs": [],
      "properties": {
        "ligatures": "cog, gear",
        "name": "set",
        "order": 105,
        "id": 149,
        "prevSize": 32,
        "code": 59796
      },
      "setIdx": 6,
      "setId": 1,
      "iconIdx": 148
    },
    {
      "icon": {
        "paths": [
          "M512 0c-282.77 0-512 229.23-512 512s229.23 512 512 512 512-229.23 512-512-229.23-512-512-512zM512 928c-229.75 0-416-186.25-416-416s186.25-416 416-416 416 186.25 416 416-186.25 416-416 416z",
          "M672 256l-160 160-160-160-96 96 160 160-160 160 96 96 160-160 160 160 96-96-160-160 160-160z"
        ],
        "tags": [
          "cancel-circle",
          "close",
          "remove",
          "delete"
        ],
        "defaultCode": 59917,
        "grid": 32,
        "attrs": []
      },
      "attrs": [],
      "properties": {
        "ligatures": "cancel-circle, close",
        "name": "close",
        "order": 111,
        "id": 270,
        "prevSize": 32,
        "code": 59917
      },
      "setIdx": 6,
      "setId": 1,
      "iconIdx": 269
    },
    {
      "icon": {
        "paths": [
          "M926.542 391.549l-363.182-363.182c-28.364-28.367-74.355-28.367-102.721 0l-363.182 363.182c-28.367 28.367-28.367 74.357 0 102.724 28.367 28.369 74.357 28.369 102.724 0l239.182-239.185v696.276c0 40.116 32.521 72.636 72.636 72.636s72.636-32.521 72.636-72.636v-696.276l239.185 239.185c14.182 14.182 32.773 21.273 51.361 21.273s37.178-7.091 51.361-21.276c28.367-28.367 28.367-74.355 0-102.721z"
        ],
        "tags": [
          "arrow-up",
          "up",
          "upload",
          "top"
        ],
        "defaultCode": 59962,
        "grid": 32,
        "attrs": []
      },
      "attrs": [],
      "properties": {
        "ligatures": "arrow-up2, up2",
        "name": "up",
        "order": 109,
        "id": 315,
        "prevSize": 32,
        "code": 59962
      },
      "setIdx": 6,
      "setId": 1,
      "iconIdx": 314
    },
    {
      "icon": {
        "paths": [
          "M148.627 990.944l701.951-701.948v303.517c0 46.748 37.897 84.645 84.645 84.645s84.645-37.897 84.645-84.645v-507.868c0-34.233-20.624-65.1-52.252-78.198-10.48-4.343-21.481-6.401-32.392-6.399v-0.048h-507.868c-46.748 0-84.645 37.897-84.645 84.645 0 46.75 37.897 84.645 84.645 84.645h303.517l-701.948 701.951c-16.53 16.527-24.793 38.191-24.793 59.852s8.263 43.325 24.793 59.852c33.054 33.056 86.65 33.056 119.703 0z"
        ],
        "tags": [
          "arrow-up-right",
          "up-right",
          "arrow-top-right"
        ],
        "defaultCode": 59963,
        "grid": 32,
        "attrs": []
      },
      "attrs": [],
      "properties": {
        "ligatures": "arrow-up-right2, up-right2",
        "name": "win_reduction",
        "order": 120,
        "id": 316,
        "prevSize": 32,
        "code": 59963
      },
      "setIdx": 6,
      "setId": 1,
      "iconIdx": 315
    },
    {
      "icon": {
        "paths": [
          "M926.543 632.451l-363.182 363.182c-28.364 28.367-74.355 28.367-102.721 0l-363.182-363.182c-28.367-28.367-28.367-74.357 0-102.724 28.367-28.369 74.357-28.369 102.724 0l239.182 239.185v-696.276c0-40.116 32.521-72.636 72.636-72.636s72.636 32.521 72.636 72.636v696.276l239.185-239.185c14.182-14.182 32.773-21.273 51.361-21.273s37.178 7.091 51.361 21.276c28.367 28.367 28.367 74.355 0 102.721z"
        ],
        "tags": [
          "arrow-down",
          "down",
          "download",
          "bottom"
        ],
        "defaultCode": 59966,
        "grid": 32,
        "attrs": []
      },
      "attrs": [],
      "properties": {
        "ligatures": "arrow-down2, down2",
        "name": "down",
        "order": 110,
        "id": 319,
        "prevSize": 32,
        "code": 59966
      },
      "setIdx": 6,
      "setId": 1,
      "iconIdx": 318
    },
    {
      "icon": {
        "paths": [
          "M875.37 33.054l-701.948 701.948v-303.517c0-46.748-37.897-84.645-84.645-84.645s-84.645 37.897-84.645 84.645v507.871c0 34.236 20.622 65.1 52.252 78.201 10.48 4.341 21.481 6.401 32.392 6.396v0.048l507.868-0.003c46.745 0 84.645-37.897 84.645-84.642 0-46.75-37.9-84.645-84.645-84.645h-303.517l701.948-701.951c16.527-16.527 24.793-38.191 24.793-59.854 0-21.658-8.266-43.325-24.793-59.852-33.054-33.054-86.652-33.054-119.706 0v0z"
        ],
        "tags": [
          "arrow-down-left",
          "down-left",
          "arrow-bottom-left"
        ],
        "defaultCode": 59967,
        "grid": 32,
        "attrs": []
      },
      "attrs": [],
      "properties": {
        "ligatures": "arrow-down-left2, down-left2",
        "name": "win_narrow",
        "order": 121,
        "id": 320,
        "prevSize": 32,
        "code": 59967
      },
      "setIdx": 6,
      "setId": 1,
      "iconIdx": 319
    },
    {
      "icon": {
        "paths": [
          "M179.2 870.4l153.6 153.6 512-512-512-512-153.6 153.6 358.4 358.4z"
        ],
        "tags": [
          "embed",
          "code",
          "html",
          "xml"
        ],
        "defaultCode": 60031,
        "grid": 32,
        "attrs": []
      },
      "attrs": [],
      "properties": {
        "ligatures": "embed, code",
        "name": "more",
        "order": 122,
        "id": 384,
        "prevSize": 32,
        "code": 60031
      },
      "setIdx": 6,
      "setId": 1,
      "iconIdx": 383
    },
    {
      "icon": {
        "paths": [
          "M0.374 477.867l-0.373-332.879 409.6-55.62v388.499zM477.868 79.447l545.997-79.447v477.867h-545.997zM1023.999 546.133l-0.134 477.867-545.997-76.817v-401.050zM409.601 938.492l-409.267-56.1-0.021-336.258h409.289z"
        ],
        "tags": [
          "windows8",
          "brand",
          "os"
        ],
        "defaultCode": 60098,
        "grid": 32,
        "attrs": []
      },
      "attrs": [],
      "properties": {
        "ligatures": "windows8, brand57",
        "name": "windows8",
        "order": 107,
        "id": 451,
        "prevSize": 32,
        "code": 60098
      },
      "setIdx": 6,
      "setId": 1,
      "iconIdx": 450
    }
  ],
  "height": 1024,
  "metadata": {
    "name": "desktop_icon"
  },
  "preferences": {
    "showGlyphs": true,
    "showQuickUse": true,
    "showQuickUse2": true,
    "showSVGs": true,
    "fontPref": {
      "prefix": "desktop_",
      "metadata": {
        "fontFamily": "desktop_icon",
        "majorVersion": 1,
        "minorVersion": 0
      },
      "metrics": {
        "emSize": 1024,
        "baseline": 6.25,
        "whitespace": 50
      },
      "embed": false,
      "showSelector": true,
      "showMetadata": false,
      "showMetrics": true,
      "showVersion": true,
      "selector": "",
      "classSelector": ".icon",
      "cssVars": true,
      "cssVarsFormat": "less",
      "noie8": true,
      "ie7": false
    },
    "imagePref": {
      "prefix": "icon-",
      "png": true,
      "useClassSelector": true,
      "color": 0,
      "bgColor": 16777215,
      "classSelector": ".icon"
    },
    "historySize": 100,
    "showCodes": true,
    "gridSize": 16,
    "showGrid": true
  }
}